INSERT INTO Category (id, name) values ('1', 'Produit frais');
INSERT INTO Category (id, name) values ('4', 'Accessoires');
INSERT INTO Category (id, name) values ('2', 'Fruit');
INSERT INTO Category (id, name) values ('3', 'Légume');
INSERT INTO Category (id, name) values ('5', 'Soupe');
INSERT INTO Category (id, name) values ('6', 'Boisson');
INSERT INTO Category (id, name) values ('7', 'Materiel informatique');

INSERT INTO Article (ean13, price, vat, name, isPerishable, img) values ('1234567890001', 1.98, 5, 'Lays BBQ', true, 'lays.png');
INSERT INTO Article (ean13, price, vat, name, isPerishable, img) values ('1234567890002', 2.12, 5, '1 Kg Pomme', true, 'pomme.png');
INSERT INTO Article (ean13, price, vat, name, isPerishable, img) values ('1234567890003', 5.21, 5, 'Chou rouge bio', true, 'monImg');
INSERT INTO Article (ean13, price, vat, name, isPerishable, img) values ('1234567890004', 2.21, 5, 'Soupe veloute de legume', true, 'monImg');
INSERT INTO Article (ean13, price, vat, name, isPerishable, img) values ('1234567890005', 2.12, 5, 'Chou blanc', true, 'monImg');
INSERT INTO Article (ean13, price, vat, name, isPerishable, img) values ('1234567890006', 1.23, 5, 'Tomate cerise', true, 'monImg');
INSERT INTO Article (ean13, price, vat, name, isPerishable, img) values ('1234567890007', 3.21, 5, 'Melon', true, 'monImg');
INSERT INTO Article (ean13, price, vat, name, isPerishable, img) values ('1234567890008', 19.99, 20, 'Casque velo', true, 'monImg');
INSERT INTO Article (ean13, price, vat, name, isPerishable, img) values ('1234567890009', 11.99, 20, 'Reveil', true, 'monImg');
INSERT INTO Article (ean13, price, vat, name, isPerishable, img) values ('1234567890010', 1250, 25, 'PC Portable OMEN', true, 'monImg');
INSERT INTO Article (ean13, price, vat, name, isPerishable, img) values ('1234567890011', 1.99, 5, 'Pomme', true, 'monImg');
INSERT INTO Article (ean13, price, vat, name, isPerishable, img) values ('1234567890012', 3.12, 5, 'Poire', true, 'monImg');
INSERT INTO Article (ean13, price, vat, name, isPerishable, img) values ('1234567890013', 2.36, 5, 'Banane', true, 'monImg');
INSERT INTO Article (ean13, price, vat, name, isPerishable, img) values ('1234567890014', 1.21, 5, 'Orange', true, 'monImg');
INSERT INTO Article (ean13, price, vat, name, isPerishable, img) values ('1234567890015', 2.12, 5, 'Pamplemousse', true, 'monImg');
INSERT INTO Article (ean13, price, vat, name, isPerishable, img) values ('1234567890016', 1.23, 5, 'Fraise', true, 'monImg');
INSERT INTO Article (ean13, price, vat, name, isPerishable, img) values ('1234567890017', 3.21, 5, 'Framboise', true, 'monImg');
INSERT INTO Article (ean13, price, vat, name, isPerishable, img) values ('1234567890018', 1.99, 5, 'Cerise', true, 'monImg');
INSERT INTO Article (ean13, price, vat, name, isPerishable, img) values ('1234567890019', 3.12, 5, 'Mangue', true, 'monImg');
INSERT INTO Article (ean13, price, vat, name, isPerishable, img) values ('1234567890020', 2.36, 5, 'Jus de banane', true, 'monImg');
INSERT INTO Article (ean13, price, vat, name, isPerishable, img) values ('1234567890021', 1.21, 5, 'Jus d orange', true, 'monImg');
INSERT INTO Article (ean13, price, vat, name, isPerishable, img) values ('1234567890022', 2.12, 5, 'Jus de pamplemousse', true, 'monImg');
INSERT INTO Article (ean13, price, vat, name, isPerishable, img) values ('1234567890023', 1.23, 5, 'Jus de fraise', true, 'monImg');
INSERT INTO Article (ean13, price, vat, name, isPerishable, img) values ('1234567890024', 3.21, 5, 'Jus de framboise', true, 'monImg');
INSERT INTO Article (ean13, price, vat, name, isPerishable, img) values ('1234567890025', 1.99, 5, 'Jus de cerise', true, 'monImg');
INSERT INTO Article (ean13, price, vat, name, isPerishable, img) values ('1234567890026', 3.12, 5, 'Jus de mangue', true, 'monImg');
INSERT INTO Article (ean13, price, vat, name, isPerishable, img) values ('1234567890027', 2.36, 5, 'Jus de pomme', true, 'monImg');
INSERT INTO Article (ean13, price, vat, name, isPerishable, img) values ('1234567890030', 1.99, 5, 'Jus de poire', true, 'monImg');
INSERT INTO Article (ean13, price, vat, name, isPerishable, img) values ('1234567890031', 3.12, 5, 'Jus de melon', true, 'monImg');
INSERT INTO Article (ean13, price, vat, name, isPerishable, img) values ('1234567890032', 2.36, 5, 'Jus de chou rouge', true, 'monImg');
INSERT INTO Article (ean13, price, vat, name, isPerishable, img) values ('1234567890028', 50.95, 20, 'Four', true, 'monImg');
INSERT INTO Article (ean13, price, vat, name, isPerishable, img) values ('1234567890029', 62.59, 20, 'Micro onde', true, 'monImg');
INSERT INTO Article (ean13, price, vat, name, isPerishable, img) values ('1234567890033', 15.25, 12, 'Lampe', true, 'monImg');
INSERT INTO Article (ean13, price, vat, name, isPerishable, img) values ('1234567890034', 12.25, 12, 'Lampe de chevet', true, 'monImg');
INSERT INTO Article (ean13, price, vat, name, isPerishable, img) values ('1234567890035', 12.25, 12, 'Lampe de bureau', true, 'monImg');
INSERT INTO Article (ean13, price, vat, name, isPerishable, img) values ('1234567890036', 12.25, 12, 'Lampe de salon', true, 'monImg');
INSERT INTO Article (ean13, price, vat, name, isPerishable, img) values ('1234567890037', 12.25, 12, 'Lampe de cuisine', true, 'monImg');
INSERT INTO Article (ean13, price, vat, name, isPerishable, img) values ('1234567890038', 12.25, 12, 'Lampe de jardin', true, 'monImg');
INSERT INTO Article (ean13, price, vat, name, isPerishable, img) values ('1234567890039', 12.25, 12, 'Lampe de chambre', true, 'monImg');
INSERT INTO Article (ean13, price, vat, name, isPerishable, img) values ('1234567890040', 12.25, 12, 'Lampe de salle de bain', true, 'monImg');
INSERT INTO Article (ean13, price, vat, name, isPerishable, img) values ('1234567890041', 189.99, 21, 'Xbox 360', true, 'monImg');
INSERT INTO Article (ean13, price, vat, name, isPerishable, img) values ('1234567890042', 266.99, 21, 'Xbox One', true, 'monImg');
INSERT INTO Article (ean13, price, vat, name, isPerishable, img) values ('1234567890043', 189.99, 21, 'Playstation 3', true, 'monImg');
INSERT INTO Article (ean13, price, vat, name, isPerishable, img) values ('1234567890044', 266.99, 21, 'Playstation 4', true, 'monImg');	
INSERT INTO Article (ean13, price, vat, name, isPerishable, img) values ('1234567890045', 189.99, 21, 'Wii', true, 'monImg');
INSERT INTO Article (ean13, price, vat, name, isPerishable, img) values ('1234567890046', 266.00, 21, 'Wii U', true, 'monImg');
INSERT INTO Article (ean13, price, vat, name, isPerishable, img) values ('1234567890047', 189.50, 21, 'Nintendo 3DS', true, 'monImg');
INSERT INTO Article (ean13, price, vat, name, isPerishable, img) values ('1234567890048', 266.99, 21, 'Nintendo Switch', true, 'monImg');
INSERT INTO Article (ean13, price, vat, name, isPerishable, img) values ('1234567890049', 189.66, 20, 'PC portable', true, 'monImg');
INSERT INTO Article (ean13, price, vat, name, isPerishable, img) values ('1234567890050', 266.99, 20, 'PC fixe', true, 'monImg');
INSERT INTO Article (ean13, price, vat, name, isPerishable, img) values ('1234567890051', 189.99, 20, 'Macbook', true, 'monImg');
INSERT INTO Article (ean13, price, vat, name, isPerishable, img) values ('1234567890052', 1500.99, 20, 'Macbook Pro', true, 'monImg');
INSERT INTO Article (ean13, price, vat, name, isPerishable, img) values ('1234567890053', 1200.99, 20, 'Macbook Air', true, 'monImg');
INSERT INTO Article (ean13, price, vat, name, isPerishable, img) values ('1234567890054', 1620.99, 20, 'Macbook Pro Retina', true, 'monImg');
INSERT INTO Article (ean13, price, vat, name, isPerishable, img) values ('1234567890055', 1345.99, 20, 'Macbook Pro 13 pouces', true, 'monImg');




INSERT INTO Article_Category(categories_id, Article_ean13) values ('1', '1234567890002'); -- pomme produit frais
INSERT INTO Article_Category(categories_id, Article_ean13) values ('2', '1234567890002'); -- pomme fruit
INSERT INTO Article_Category(categories_id, Article_ean13) values ('1', '1234567890003'); -- chou rouge bio produit frais
INSERT INTO Article_Category(categories_id, Article_ean13) values ('3', '1234567890003'); -- chou rouge bio legume
INSERT INTO Article_Category(categories_id, Article_ean13) values ('5', '1234567890004'); -- soupe veloute de legume soupe
INSERT INTO Article_Category(categories_id, Article_ean13) values ('1', '1234567890005'); -- chou blanc produit frais
INSERT INTO Article_Category(categories_id, Article_ean13) values ('3', '1234567890005'); -- chou blanc legume
INSERT INTO Article_Category(categories_id, Article_ean13) values ('1', '1234567890006'); -- tomate produit frais
INSERT INTO Article_Category(categories_id, Article_ean13) values ('3', '1234567890006'); -- tomate legume
INSERT INTO Article_Category(categories_id, Article_ean13) values ('1', '1234567890007'); -- melon produit frais
INSERT INTO Article_Category(categories_id, Article_ean13) values ('2', '1234567890007'); -- melon fruit
INSERT INTO Article_Category(categories_id, Article_ean13) values ('4', '1234567890008'); -- casque velo accessoire
INSERT INTO Article_Category(categories_id, Article_ean13) values ('4', '1234567890009'); -- reveil accessoire
INSERT INTO Article_Category(categories_id, Article_ean13) values ('7', '1234567890010'); -- pc portable omen accessoire
INSERT INTO Article_Category(categories_id, Article_ean13) values ('1', '1234567890011'); -- pomme produit frais
INSERT INTO Article_Category(categories_id, Article_ean13) values ('2', '1234567890011'); -- pomme fruit
INSERT INTO Article_Category(categories_id, Article_ean13) values ('1', '1234567890012'); -- poire produit frais
INSERT INTO Article_Category(categories_id, Article_ean13) values ('2', '1234567890012'); -- poire fruit
INSERT INTO Article_Category(categories_id, Article_ean13) values ('1', '1234567890013'); -- banane produit frais
INSERT INTO Article_Category(categories_id, Article_ean13) values ('2', '1234567890013'); -- banane fruit
INSERT INTO Article_Category(categories_id, Article_ean13) values ('1', '1234567890014'); -- orange produit frais
INSERT INTO Article_Category(categories_id, Article_ean13) values ('2', '1234567890014'); -- orange fruit
INSERT INTO Article_Category(categories_id, Article_ean13) values ('1', '1234567890015'); -- pamplemousse produit frais
INSERT INTO Article_Category(categories_id, Article_ean13) values ('2', '1234567890015'); -- pamplemousse fruit
INSERT INTO Article_Category(categories_id, Article_ean13) values ('1', '1234567890016'); -- fraise produit frais
INSERT INTO Article_Category(categories_id, Article_ean13) values ('2', '1234567890016'); -- fraise fruit
INSERT INTO Article_Category(categories_id, Article_ean13) values ('1', '1234567890017'); -- framboise produit frais


INSERT INTO Stock (article_ean13, quantity, bestBefore, lot, DTYPE, id) values ('1234567890006', 10, DATE '2022-12-17', '123', 'Perishable', '4028818a83c80d2c0183c80efe770000'); -- ajout temporaire
INSERT INTO Stock (article_ean13, quantity, bestBefore, lot, DTYPE, id) values ('1234567890006', 12, DATE '2022-11-12', '124', 'Perishable', '4028818a83c80d2c0183c80efe770012'); -- ajout temporaire
INSERT INTO Stock (article_ean13, quantity, bestBefore, lot, DTYPE, id) values ('1234567890007', 5, DATE '2022-10-10', '451', 'Perishable', '4028818a83c80d2c0183c80efe770023'); -- ajout temporaire
INSERT INTO Stock (article_ean13, quantity, bestBefore, lot, DTYPE, id) values ('1234567890007', 25, DATE '2022-09-17', '452', 'Perishable', '4028818a83c80d2c0183c80efe770034'); -- ajout temporaire
INSERT INTO Stock (article_ean13, quantity, bestBefore, lot, DTYPE, id) values ('1234567890006', 5, DATE '2022-10-10', '451', 'Perishable', '4028818a83c80d2c0183c80efe770025'); -- ajout temporaire
INSERT INTO Stock (article_ean13, quantity, bestBefore, lot, DTYPE, id) values ('1234567890006', 25, DATE '2022-09-17', '452', 'Perishable', '4028818a83c80d2c0183c80efe770036'); -- ajout temporaire

INSERT INTO Stock (article_ean13, quantity, DTYPE, id) values ('1234567890002', 10, 'Product', '4028818a83c80d2c0183c80efe770001'); -- ajout temporaire
INSERT INTO Stock (article_ean13, quantity, DTYPE, id) values ('1234567890003', 12, 'Product', '4028818a83c80d2c0183c80efe770013'); -- ajout temporaire
INSERT INTO Stock (article_ean13, quantity, DTYPE, id) values ('1234567890004', 5, 'Product', '4028818a83c80d2c0183c80efe770024'); -- ajout temporaire
INSERT INTO Stock (article_ean13, quantity, DTYPE, id) values ('1234567890005', 25, 'Product', '4028818a83c80d2c0183c80efe770035'); -- ajout temporaire
